{
    "adduct_types": [
        {
            "composition": "H3N1", 
            "counts": {
                "Ammonium": 1
            }, 
            "definitions": {
                "Ammonium": "H3N1"
            }, 
            "name": "Ammonium"
        }, 
        {
            "composition": "H6N2", 
            "counts": {
                "Ammonium": 2
            }, 
            "definitions": {
                "Ammonium": "H3N1"
            }, 
            "name": "Ammonium * 2"
        }, 
        {
            "composition": "H9N3", 
            "counts": {
                "Ammonium": 3
            }, 
            "definitions": {
                "Ammonium": "H3N1"
            }, 
            "name": "Ammonium * 3"
        }, 
        {
            "composition": {}, 
            "name": "Unmodified"
        }
    ],
    "neighborhood_width": 50.0,
    "table": {
        "2000.0": {
            "Ammonium": 0.7349836056183142,
            "Ammonium * 2": 0.015211047404581431,
            "Ammonium * 3": 0.003048305724334401,
            "Unmodified": 0.23456381835543236
        },
        "2500.0": {
            "Ammonium": 0.40227488800899536,
            "Ammonium * 2": 0.048604490183706085,
            "Ammonium * 3": 0.00546273755451629,
            "Unmodified": 0.5380851121074653
        },
        "3000.0": {
            "Ammonium": 0.1968631651567533,
            "Ammonium * 2": 0.19501196930021236,
            "Ammonium * 3": 0.03852735206742863,
            "Unmodified": 0.5618272287554293
        },
        "3500.0": {
            "Ammonium": 0.3837365572105348,
            "Ammonium * 2": 0.005180331547402133,
            "Ammonium * 3": 0.005180331547402133,
            "Unmodified": 0.5851814535050524
        },
        "4000.0": {
            "Ammonium": 0.2943977260022403,
            "Ammonium * 2": 0.3551123672201971,
            "Ammonium * 3": 0.0016672714898488428,
            "Unmodified": 0.3421535493283184
        },
        "4500.0": {
            "Ammonium": 0.2579939707512655,
            "Ammonium * 2": 0.007571222950942212,
            "Ammonium * 3": 0.004230328795848274,
            "Unmodified": 0.7132831623185508
        },
        "5000.0": {
            "Ammonium": 0.2487743736514156,
            "Ammonium * 2": 0.000586498800846463,
            "Ammonium * 3": 0.004269851530604238,
            "Unmodified": 0.7292898698947167
        }
    }
}