{
    "neighborhood_width": 50.0, 
    "table": {
        "2000.0": {
            "-4": 0.001655629139072848, 
            "-3": 0.001655629139072848, 
            "-2": 0.9950331125827816, 
            "-1": 0.001655629139072848
        }, 
        "2500.0": {
            "-4": 0.0008884372571999372, 
            "-3": 0.039959722922132304, 
            "-2": 0.9582634025634679, 
            "-1": 0.0008884372571999372
        }, 
        "3000.0": {
            "-4": 0.0009823684579579506, 
            "-3": 0.31293185257320016, 
            "-2": 0.685103410510884, 
            "-1": 0.0009823684579579506
        }, 
        "3500.0": {
            "-4": 0.0010892052627234398, 
            "-3": 0.7679221249005311, 
            "-2": 0.22989946457402202, 
            "-1": 0.0010892052627234398
        }, 
        "4000.0": {
            "-4": 0.034252096603112625, 
            "-3": 0.9358879609524451, 
            "-2": 0.02917426515863918, 
            "-1": 0.000685677285803188
        }, 
        "4500.0": {
            "-4": 0.0019841269841269845, 
            "-3": 0.9940476190476192, 
            "-2": 0.0019841269841269845, 
            "-1": 0.0019841269841269845
        }, 
        "5000.0": {
            "-4": 0.004901960784313726, 
            "-3": 0.9852941176470589, 
            "-2": 0.004901960784313726, 
            "-1": 0.004901960784313726
        }
    }
}