{
    "fit_information": {
        "count": {
            "1500.0": 15, 
            "2000.0": 57, 
            "2500.0": 35, 
            "3000.0": 17, 
            "3500.0": 10, 
            "4000.0": 7, 
            "4500.0": 1
        }, 
        "ignore_singly_charged": 1, 
        "missing": 0.01, 
        "smooth": 0.05, 
        "track": {
            "1500.0": {
                "2": [
                    0.7107150044482325, 
                    1.0, 
                    1.0, 
                    1.0, 
                    0.7543915219025227, 
                    1.0, 
                    1.0, 
                    1.0, 
                    1.0, 
                    0.7107150044482325, 
                    1.0, 
                    1.0, 
                    1.0, 
                    0.37991215846979853, 
                    1.0
                ]
            }, 
            "2000.0": {
                "2": [
                    1.0, 
                    1.0, 
                    1.0, 
                    1.0, 
                    1.0, 
                    1.0, 
                    1.0, 
                    1.0, 
                    1.0, 
                    1.0, 
                    1.0, 
                    1.0, 
                    1.0, 
                    1.0, 
                    1.0, 
                    1.0, 
                    1.0, 
                    1.0, 
                    1.0, 
                    1.0, 
                    1.0, 
                    1.0, 
                    1.0, 
                    1.0, 
                    1.0, 
                    1.0, 
                    1.0, 
                    1.0, 
                    1.0, 
                    1.0, 
                    1.0, 
                    1.0, 
                    1.0, 
                    1.0, 
                    1.0, 
                    1.0, 
                    1.0, 
                    1.0, 
                    1.0, 
                    1.0, 
                    1.0, 
                    1.0, 
                    1.0, 
                    1.0, 
                    1.0, 
                    1.0, 
                    0.6465473434882347, 
                    0.95860834198738, 
                    0.9500346697252805, 
                    1.0, 
                    0.7720590389757314, 
                    0.9806323490322518, 
                    0.9762742931298759, 
                    1.0, 
                    1.0, 
                    0.8683652379495528, 
                    0.9791585496460902
                ]
            }, 
            "2500.0": {
                "2": [
                    1.0, 
                    1.0, 
                    1.0, 
                    1.0, 
                    1.0, 
                    1.0, 
                    1.0, 
                    1.0, 
                    1.0, 
                    1.0, 
                    1.0, 
                    1.0, 
                    1.0, 
                    1.0, 
                    1.0, 
                    1.0, 
                    1.0, 
                    1.0, 
                    1.0, 
                    1.0, 
                    0.45946894349860146, 
                    0.9732842443283563, 
                    1.0, 
                    0.9812103469728269, 
                    1.0, 
                    0.9098435684028384, 
                    0.9967644908268704, 
                    0.9661889869285396, 
                    0.9791463919584124, 
                    0.8215590271245975, 
                    0.9418210716901062, 
                    0.9644490868126638, 
                    0.9373881138326171, 
                    0.7920158505923199, 
                    0.7077483317656564
                ], 
                "3": [
                    0.5405310565013985, 
                    0.017662438258981148, 
                    0.020853608041587632, 
                    0.17844097287540248, 
                    0.03082416720813103, 
                    0.0626118861673829, 
                    0.20798414940768006, 
                    0.29062374615565784
                ]
            }, 
            "3000.0": {
                "2": [
                    1.0, 
                    1.0, 
                    1.0, 
                    0.9889988195637538, 
                    1.0, 
                    0.5946535089583079, 
                    0.8727864344992745, 
                    1.0, 
                    1.0, 
                    0.4841253825588908, 
                    0.3989197938083222, 
                    0.30471060659969024, 
                    0.24429440354920298, 
                    0.4188778868813714, 
                    0.3265364726968441, 
                    0.17004032978057132, 
                    0.15906235152055467
                ], 
                "3": [
                    0.011001180436246216, 
                    0.40534649104169207, 
                    0.12721356550072546, 
                    0.5158746174411092, 
                    0.6010802061916778, 
                    0.6952893934003098, 
                    0.755705596450797, 
                    0.5811221131186286, 
                    0.6734635273031558, 
                    0.8299596702194287, 
                    0.8409376484794453
                ]
            }, 
            "3500.0": {
                "2": [
                    1.0, 
                    0.7593018377660232, 
                    0.16142218628235713, 
                    0.2560231835964308, 
                    0.08358815235523624, 
                    0.07436537620575566, 
                    0.1452555517593348, 
                    1.0, 
                    0.04523665129046699
                ], 
                "3": [
                    0.24069816223397678, 
                    0.8385778137176428, 
                    0.7439768164035693, 
                    0.9164118476447638, 
                    0.9256346237942443, 
                    0.8547444482406652, 
                    0.954763348709533, 
                    1.0
                ]
            }, 
            "4000.0": {
                "2": [
                    0.021700848165628832
                ], 
                "3": [
                    0.6112183310201781, 
                    1.0, 
                    0.9782991518343712, 
                    1.0, 
                    1.0, 
                    1.0, 
                    1.0
                ], 
                "4": [
                    0.38878166897982186
                ]
            }, 
            "4500.0": {
                "3": [
                    1.0
                ]
            }
        }
    }, 
    "neighborhood_width": 50.0, 
    "table": {
        "1500.0": {
            "1": 0.000735524851291628, 
            "2": 0.9977934254461251, 
            "3": 0.000735524851291628, 
            "4": 0.000735524851291628
        }, 
        "2000.0": {
            "1": 0.0001780256533424707, 
            "2": 0.9994659230399727, 
            "3": 0.0001780256533424707, 
            "4": 0.0001780256533424707
        }, 
        "2500.0": {
            "1": 0.00027402917360696037, 
            "2": 0.9163779027933411, 
            "3": 0.08307403885944516, 
            "4": 0.00027402917360696037
        }, 
        "3000.0": {
            "1": 0.0005685484576535373, 
            "2": 0.6238685631674487, 
            "3": 0.37499433991724407, 
            "4": 0.0005685484576535373
        }, 
        "3500.0": {
            "1": 0.0009648560492008969, 
            "2": 0.3723797558556064, 
            "3": 0.6256905320459918, 
            "4": 0.0009648560492008969
        }, 
        "4000.0": {
            "1": 0.0012987094370074067, 
            "2": 0.046971297240776956, 
            "3": 0.8570855634678569, 
            "4": 0.09464442985435868
        }, 
        "4500.0": {
            "1": 0.009615384615384616, 
            "2": 0.009615384615384616, 
            "3": 0.9711538461538461,