{
    "neighborhood_width": 50.0, 
    "table": {
        "1500.0": {
            "-3": 0.0008160789468748391, 
            "-2": 0.9128513454784338, 
            "-1": 0.08633257557469141
        }, 
        "2000.0": {
            "-3": 0.00022207417277370645, 
            "-2": 0.9995558516544527, 
            "-1": 0.00022207417277370645
        }, 
        "2500.0": {
            "-3": 0.0004992511233150274, 
            "-2": 0.9990014977533698, 
            "-1": 0.0004992511233150274
        }, 
        "3000.0": {
            "-3": 0.023583163557029406, 
            "-2": 0.9744675110954993, 
            "-1": 0.001949325347471352
        }, 
        "3500.0": {
            "-3": 0.367556910001873, 
            "-2": 0.629184290281314, 
            "-1": 0.003258799716813115
        }
    }
}