{
    "fit_information": {
        "count": {
            "2000.0": 8, 
            "2500.0": 15, 
            "3000.0": 19, 
            "3500.0": 13, 
            "4000.0": 41, 
            "4500.0": 24, 
            "5000.0": 8
        }, 
        "ignore_singly_charged": 1, 
        "missing": 0.01, 
        "smooth": 0.05, 
        "track": {
            "2000.0": {
                "2": [
                    1.0, 
                    1.0, 
                    1.0, 
                    1.0, 
                    1.0, 
                    1.0, 
                    0.9703106254381972, 
                    0.9470791550062501
                ], 
                "3": [
                    0.029689374561802713, 
                    0.05292084499374998
                ]
            }, 
            "2500.0": {
                "2": [
                    0.9878717585901527, 
                    1.0, 
                    1.0, 
                    1.0, 
                    1.0, 
                    1.0, 
                    0.841656605713393, 
                    0.9464150976309499, 
                    1.0, 
                    1.0, 
                    1.0, 
                    1.0, 
                    0.4662039136213794, 
                    0.36072985656618134, 
                    1.0
                ], 
                "3": [
                    0.012128241409847265, 
                    0.15834339428660707, 
                    0.05358490236905015, 
                    0.5337960863786205, 
                    0.6392701434338186
                ]
            }, 
            "3000.0": {
                "2": [
                    1.0, 
                    0.7795050999123722, 
                    0.8594296454348104, 
                    0.2673597255436664, 
                    0.37955169992539106, 
                    0.6406373829236216, 
                    0.03751286238091342, 
                    1.0, 
                    1.0, 
                    1.0, 
                    0.23100065645368023, 
                    0.0972096435152786, 
                    0.14929029427535548, 
                    0.15330956505793178, 
                    0.2275122489633212, 
                    0.2043691023829986, 
                    0.23100065645368023, 
                    0.2616711803448851
                ], 
                "3": [
                    0.22049490008762782, 
                    0.14057035456518957, 
                    0.7326402744563336, 
                    0.6204483000746089, 
                    0.3593626170763784, 
                    0.9624871376190866, 
                    0.7689993435463198, 
                    0.9027903564847214, 
                    0.8507097057246445, 
                    0.8466904349420682, 
                    0.7724877510366788, 
                    0.7956308976170015, 
                    0.7689993435463198, 
                    0.7383288196551149, 
                    1.0
                ]
            }, 
            "3500.0": {
                "2": [
                    0.1808078831048253, 
                    0.2252682680973679, 
                    0.06784042123696875, 
                    0.5321131338688115, 
                    0.03294867026898677, 
                    0.7593018377660232, 
                    0.16142218628235713, 
                    0.06858482050630064, 
                    0.004164665045022991, 
                    0.014214893298052674, 
                    0.06858482050630064
                ], 
                "3": [
                    0.8191921168951747, 
                    0.7747317319026321, 
                    1.0, 
                    0.9321595787630312, 
                    0.46788686613118846, 
                    0.9670513297310133, 
                    1.0, 
                    0.24069816223397678, 
                    0.8385778137176428, 
                    0.8935228317908057, 
                    0.9093639304753426, 
                    0.9857851067019473, 
                    0.8935228317908057
                ], 
                "4": [
                    0.03789234770289363, 
                    0.08647140447963444, 
                    0.03789234770289363
                ]
            }, 
            "4000.0": {
                "2": [
                    0.007321321418982029, 
                    0.10323046829899646, 
                    0.0010931412795684339, 
                    0.030854009190354248, 
                    0.07376955075457411, 
                    0.33090767096372287, 
                    0.01583993547520728, 
                    0.046066669951940656, 
                    0.02271938893204979, 
                    0.059243947923560296, 
                    0.07376955075457411, 
                    0.33090767096372287, 
                    0.01583993547520728, 
                    0.046066669951940656
                ], 
                "3": [
                    1.0, 
                    0.9742945074188117, 
                    0.8301933009998294, 
                    1.0, 
                    0.98329987064497, 
                    0.8574469734197794, 
                    1.0, 
                    0.995711762662783, 
                    1.0, 
                    1.0, 
                    1.0, 
                    1.0, 
                    1.0, 
                    1.0, 
                    0.5659610958834858, 
                    0.6690923290362771, 
                    0.6602192912973611, 
                    0.5571568886368256, 
                    0.8814878953602321, 
                    0.8549492110111617, 
                    0.8127569254323623, 
                    0.6112183310201781, 
                    0.5949094801756957, 
                    0.670874311760268, 
                    0.7266971866760088, 
                    0.5769375225300071, 
                    0.6436948224596996, 
                    0.5597338457681716, 
                    0.7502087039904559, 
                    0.49822451005676166, 
                    0.7683020008799673, 
                    0.40278775688297624, 
                    0.5659610958834858, 
                    0.6690923290362771, 
                    0.6602192912973611, 
                    0.5571568886368256, 
                    0.8814878953602321, 
                    0.8549492110111617, 
                    1.0, 
                    1.0, 
                    1.0
                ], 
                "4": [
                    0.018384171162206187, 
                    0.06657623070117417, 
                    0.015606988075461537, 
                    0.11169901738986633, 
                    0.004288237337216958, 
                    0.36026935336194016, 
                    0.32394077322743164, 
                    0.3967764414112338, 
                    0.11851210463976787, 
                    0.14505078898883828, 
                    0.1872430745676377, 
                    0.38878166897982186, 
                    0.38237113089225455, 
                    0.26988174031617174, 
                    0.27330281332399115, 
                    0.4230624774699929, 
                    0.35630517754030044, 
                    0.4402661542318283, 
                    0.24979129600954414, 
                    0.5017754899432384, 
                    0.23169799912003278, 
                    0.5972122431170238, 
                    0.36026935336194016, 
                    0.32394077322743164, 
                    0.3967764414112338, 
                    0.11851210463976787, 
                    0.14505078898883828
                ]
            }, 
            "4500.0": {
                "2": [
                    0.013854715610591076, 
                    0.005533381403006907, 
                    0.013854715610591076, 
                    0.005533381403006907
                ],